time,VmSize_kB,VmRSS_kB,VmPeak_kB,VmHWM_kB
06:10:33,178488,42676,178488,42676
06:10:35,178488,42676,178488,42676
06:10:36,178488,42676,178488,42676
06:10:37,179808,44112,179808,44112
06:10:38,181128,45696,181128,45696
06:10:39,182052,46488,182052,46488
06:10:40,182844,47280,182844,47280
06:10:41,183504,47808,183504,47808
06:10:42,184032,48336,184032,48336
06:10:43,184560,49128,184560,49128
06:10:44,185088,49392,185088,49392
06:10:45,185484,49920,185484,49920
06:10:46,186012,50448,186012,50448
06:10:47,186408,50712,186408,50712
06:10:48,186804,51240,186804,51240
06:10:49,187068,51504,187068,51504
06:10:50,187464,51768,187464,51768
06:10:51,187728,52296,187728,52296
06:10:52,188124,52560,188124,52560
06:10:53,188388,52824,188388,52824
06:10:54,188652,53088,188652,53088
06:10:55,188916,53352,188916,53352
06:10:56,189180,53616,189180,53616
06:10:57,189576,53880,189576,53880
06:10:58,189708,54144,189708,54144
06:10:59,189972,54408,189972,54408
06:11:00,190236,54672,190236,54672
06:11:01,190500,54936,190500,54936
06:11:02,190764,55200,190764,55200
06:11:03,190896,55464,190896,55464
06:11:04,190896,55464,190896,55464
06:11:05,190896,55464,190896,55464
06:11:06,190896,55464,190896,55464
06:11:07,190896,55464,190896,55464
06:11:08,190896,55464,190896,55464
06:11:09,190896,55464,190896,55464
06:11:10,190896,55464,190896,55464
06:11:11,190896,55464,190896,55464
06:11:12,190896,55464,190896,55464
06:11:13,190896,55464,190896,55464
06:11:14,190896,55464,190896,55464
06:11:15,190896,55464,190896,55464
06:11:16,190896,55464,190896,55464
06:11:17,190896,55464,190896,55464
06:11:18,190896,55464,190896,55464
06:11:19,190896,55464,190896,55464
06:11:20,190896,55464,190896,55464
06:11:21,190896,55464,190896,55464
06:11:22,190896,55464,190896,55464
06:11:23,190896,55464,190896,55464
06:11:24,190896,55464,190896,55464
06:11:25,190896,55464,190896,55464
06:11:26,190896,55464,190896,55464
06:11:27,190896,55464,190896,55464
06:11:28,190896,55464,190896,55464
06:11:29,190896,55464,190896,55464
06:11:30,190896,55464,190896,55464
06:11:31,190896,55464,190896,55464
06:11:32,190896,55464,190896,55464
06:11:33,190896,55464,190896,55464
06:11:34,190896,55464,190896,55464
06:11:35,190896,55464,190896,55464
06:11:36,190896,55464,190896,55464
06:11:37,190896,55464,190896,55464
06:11:38,190896,55464,190896,55464
06:11:39,190896,55464,190896,55464
06:11:40,190896,55464,190896,55464
06:11:41,190896,55464,190896,55464
06:11:42,190896,55464,190896,55464
06:11:43,190896,55464,190896,55464
06:11:44,190896,55464,190896,55464
06:11:45,190896,55464,190896,55464
06:11:46,190896,55464,190896,55464
06:11:47,190896,55464,190896,55464
06:11:48,190896,55464,190896,55464
06:11:49,190896,55464,190896,55464
06:11:50,190896,55464,190896,55464
06:11:51,190896,55464,190896,55464
06:11:52,190896,55464,190896,55464
06:11:53,190896,55464,190896,55464
06:11:54,190896,55464,190896,55464
06:11:55,190896,55464,190896,55464
06:11:56,190896,55464,190896,55464
06:11:57,190896,55464,190896,55464
06:11:58,190896,55464,190896,55464
06:11:59,190896,55464,190896,55464
06:12:00,190896,55464,190896,55464
06:12:01,190896,55464,190896,55464
06:12:02,190896,55464,190896,55464
06:12:03,190896,55464,190896,55464
06:12:04,190896,55464,190896,55464
06:12:05,190896,55464,190896,55464
06:12:06,190896,55464,190896,55464
06:12:07,190896,55464,190896,55464
06:12:08,190896,55464,190896,55464
06:12:09,190896,55464,190896,55464
06:12:10,190896,55464,190896,55464
06:12:11,190896,55464,190896,55464
06:12:12,190896,55464,190896,55464
06:12:13,190896,55464,190896,55464
06:12:14,190896,55464,190896,55464
06:12:15,190896,55464,190896,55464
06:12:16,190896,55464,190896,55464
06:12:17,190896,55464,190896,55464
06:12:18,190896,55464,190896,55464
06:12:19,190896,55464,190896,55464
06:12:20,190896,55464,190896,55464
06:12:21,190896,55464,190896,55464
06:12:22,190896,55464,190896,55464
06:12:23,190896,55464,190896,55464
06:12:24,190896,55464,190896,55464
06:12:25,190896,55464,190896,55464
06:12:26,190896,55464,190896,55464
06:12:27,190896,55464,190896,55464
06:12:28,190896,55464,190896,55464
06:12:30,190896,55464,190896,55464
06:12:31,190896,55464,190896,55464
06:12:32,190896,55464,190896,55464
06:12:33,190896,55464,190896,55464
06:12:34,190896,55464,190896,55464
06:12:35,190896,55464,190896,55464
06:12:36,190896,55464,190896,55464
06:12:37,190896,55464,190896,55464
06:12:38,190896,55464,190896,55464
06:12:39,190896,55464,190896,55464
06:12:40,190896,55464,190896,55464
06:12:41,190896,55464,190896,55464
06:12:42,190896,55464,190896,55464
06:12:43,190896,55464,190896,55464
06:12:44,190896,55464,190896,55464
06:12:45,190896,55464,190896,55464
06:12:46,190896,55464,190896,55464
06:12:47,190896,55464,190896,55464
06:12:48,190896,55464,190896,55464
06:12:49,190896,55464,190896,55464
06:12:50,190896,55464,190896,55464
06:12:51,190896,55464,190896,55464
